/home/paper219/Desktop/analysis/demonstration/projects/Mybatis-3/revisions/rev_22fcbef_cd9a221/rev_22fcbef-cd9a221/src/main/java/org/apache/ibatis/type/JdbcType.java;NONE
/home/paper219/Desktop/analysis/demonstration/projects/Mybatis-3/revisions/rev_413f62d_09f86b6/rev_413f62d-09f86b6/src/main/java/org/apache/ibatis/io/ExternalResources.java;NONE
/home/paper219/Desktop/analysis/demonstration/projects/Mybatis-3/revisions/rev_b195e2e_5d213fc/rev_b195e2e-5d213fc/src/test/java/org/apache/ibatis/submitted/ancestor_ref/Reputation.java;MINE
/home/paper219/Desktop/analysis/demonstration/projects/Mybatis-3/revisions/rev_da6dca2_151e90e/rev_da6dca2-151e90e/src/test/java/org/apache/ibatis/type/usesjava8/Jsr310TypeHandlerRegistryTest.java;NONE
/home/paper219/Desktop/analysis/demonstration/projects/Fastjson/revisions/rev_f65ddcf_0b063a2/rev_f65ddcf-0b063a2/src/main/java/com/alibaba/fastjson/serializer/ASMSerializerFactory.java;NONE
/home/paper219/Desktop/analysis/demonstration/projects/Fastjson/revisions/rev_f65ddcf_0b063a2/rev_f65ddcf-0b063a2/src/main/java/com/alibaba/fastjson/serializer/ASMSerializerFactory.java;NONE
/home/paper219/Desktop/analysis/demonstration/projects/Fastjson/revisions/rev_f65ddcf_0b063a2/rev_f65ddcf-0b063a2/src/main/java/com/alibaba/fastjson/parser/ParserConfig.java;MINE
/home/paper219/Desktop/analysis/demonstration/projects/Fastjson/revisions/rev_77a6605_f48bb05/rev_77a6605-f48bb05/src/main/java/com/alibaba/fastjson/parser/JSONScanner.java;NONE
/home/paper219/Desktop/analysis/demonstration/projects/Fastjson/revisions/rev_77a6605_f48bb05/rev_77a6605-f48bb05/src/main/java/com/alibaba/fastjson/parser/deserializer/TimeDeserializer.java;NONE
/home/paper219/Desktop/analysis/demonstration/projects/Fastjson/revisions/rev_77a6605_f48bb05/rev_77a6605-f48bb05/src/main/java/com/alibaba/fastjson/parser/deserializer/SqlDateDeserializer.java;NONE
/home/paper219/Desktop/analysis/demonstration/projects/Fastjson/revisions/rev_22e12be_162ae20/rev_22e12be-162ae20/src/main/java/com/alibaba/fastjson/serializer/SerializeWriter.java;NONE
/home/paper219/Desktop/analysis/demonstration/projects/Fastjson/revisions/rev_22e12be_162ae20/rev_22e12be-162ae20/src/main/java/com/alibaba/fastjson/serializer/SerializeWriter.java;NONE
/home/paper219/Desktop/analysis/demonstration/projects/Fastjson/revisions/rev_22e12be_162ae20/rev_22e12be-162ae20/src/main/java/com/alibaba/fastjson/serializer/SerializeWriter.java;NONE
/home/paper219/Desktop/analysis/demonstration/projects/Fastjson/revisions/rev_22e12be_162ae20/rev_22e12be-162ae20/src/main/java/com/alibaba/fastjson/serializer/SerializeWriter.java;NONE
/home/paper219/Desktop/analysis/demonstration/projects/Fastjson/revisions/rev_22e12be_162ae20/rev_22e12be-162ae20/src/main/java/com/alibaba/fastjson/serializer/SerializeWriter.java;NONE
/home/paper219/Desktop/analysis/demonstration/projects/Fastjson/revisions/rev_22e12be_162ae20/rev_22e12be-162ae20/src/main/java/com/alibaba/fastjson/serializer/SerializeWriter.java;NONE
/home/paper219/Desktop/analysis/demonstration/projects/Fastjson/revisions/rev_22e12be_162ae20/rev_22e12be-162ae20/src/main/java/com/alibaba/fastjson/serializer/SerializeWriter.java;NONE
/home/paper219/Desktop/analysis/demonstration/projects/Fastjson/revisions/rev_22e12be_162ae20/rev_22e12be-162ae20/src/main/java/com/alibaba/fastjson/serializer/SerializeWriter.java;NONE
/home/paper219/Desktop/analysis/demonstration/projects/Fastjson/revisions/rev_22e12be_162ae20/rev_22e12be-162ae20/src/main/java/com/alibaba/fastjson/serializer/SerializeWriter.java;NONE
/home/paper219/Desktop/analysis/demonstration/projects/Fastjson/revisions/rev_22e12be_162ae20/rev_22e12be-162ae20/src/main/java/com/alibaba/fastjson/serializer/SerializeWriter.java;NONE
/home/paper219/Desktop/analysis/demonstration/projects/Fastjson/revisions/rev_22e12be_162ae20/rev_22e12be-162ae20/src/main/java/com/alibaba/fastjson/serializer/SerializeWriter.java;NONE
/home/paper219/Desktop/analysis/demonstration/projects/Fastjson/revisions/rev_22e12be_162ae20/rev_22e12be-162ae20/src/main/java/com/alibaba/fastjson/serializer/SerializeWriter.java;NONE
/home/paper219/Desktop/analysis/demonstration/projects/Fastjson/revisions/rev_22e12be_162ae20/rev_22e12be-162ae20/src/main/java/com/alibaba/fastjson/serializer/SerializeWriter.java;NONE
/home/paper219/Desktop/analysis/demonstration/projects/Fastjson/revisions/rev_22e12be_162ae20/rev_22e12be-162ae20/src/main/java/com/alibaba/fastjson/serializer/MapSerializer.java;NONE
/home/paper219/Desktop/analysis/demonstration/projects/Fastjson/revisions/rev_22e12be_162ae20/rev_22e12be-162ae20/src/test/java/com/alibaba/json/test/benchmark/BenchmarkTest.java;NONE
/home/paper219/Desktop/analysis/demonstration/projects/Fastjson/revisions/rev_22e12be_162ae20/rev_22e12be-162ae20/src/test/java/com/alibaba/json/test/benchmark/BenchmarkTest.java;NONE
/home/paper219/Desktop/analysis/demonstration/projects/Fastjson/revisions/rev_22e12be_162ae20/rev_22e12be-162ae20/src/test/java/com/alibaba/json/test/benchmark/BenchmarkTest.java;NONE
/home/paper219/Desktop/analysis/demonstration/projects/Fastjson/revisions/rev_22e12be_162ae20/rev_22e12be-162ae20/src/test/java/com/alibaba/json/test/benchmark/BenchmarkTest.java;NONE
/home/paper219/Desktop/analysis/demonstration/projects/Fastjson/revisions/rev_22e12be_162ae20/rev_22e12be-162ae20/src/test/java/com/alibaba/json/test/benchmark/BenchmarkTest.java;NONE
/home/paper219/Desktop/analysis/demonstration/projects/Fastjson/revisions/rev_22e12be_162ae20/rev_22e12be-162ae20/src/test/java/com/alibaba/json/bvt/serializer/StringSerializerTest.java;NONE
/home/paper219/Desktop/analysis/demonstration/projects/Fastjson/revisions/rev_22e12be_162ae20/rev_22e12be-162ae20/src/main/java/com/alibaba/fastjson/serializer/SerializeWriter.java;MINE
/home/paper219/Desktop/analysis/demonstration/projects/Fastjson/revisions/rev_22e12be_162ae20/rev_22e12be-162ae20/src/main/java/com/alibaba/fastjson/serializer/SerializeWriter.java;YOURS
/home/paper219/Desktop/analysis/demonstration/projects/Fastjson/revisions/rev_22e12be_162ae20/rev_22e12be-162ae20/src/test/java/com/alibaba/json/test/codec/FastjsonCodec.java;MINE
/home/paper219/Desktop/analysis/demonstration/projects/Fastjson/revisions/rev_162ae20_22e12be/rev_162ae20-22e12be/src/main/java/com/alibaba/fastjson/serializer/SerializeWriter.java;NONE
/home/paper219/Desktop/analysis/demonstration/projects/Fastjson/revisions/rev_162ae20_22e12be/rev_162ae20-22e12be/src/main/java/com/alibaba/fastjson/serializer/SerializeWriter.java;NONE
/home/paper219/Desktop/analysis/demonstration/projects/Fastjson/revisions/rev_162ae20_22e12be/rev_162ae20-22e12be/src/main/java/com/alibaba/fastjson/serializer/SerializeWriter.java;NONE
/home/paper219/Desktop/analysis/demonstration/projects/Fastjson/revisions/rev_162ae20_22e12be/rev_162ae20-22e12be/src/main/java/com/alibaba/fastjson/serializer/SerializeWriter.java;NONE
/home/paper219/Desktop/analysis/demonstration/projects/Fastjson/revisions/rev_162ae20_22e12be/rev_162ae20-22e12be/src/main/java/com/alibaba/fastjson/serializer/SerializeWriter.java;NONE
/home/paper219/Desktop/analysis/demonstration/projects/Fastjson/revisions/rev_162ae20_22e12be/rev_162ae20-22e12be/src/main/java/com/alibaba/fastjson/serializer/SerializeWriter.java;NONE
/home/paper219/Desktop/analysis/demonstration/projects/Fastjson/revisions/rev_162ae20_22e12be/rev_162ae20-22e12be/src/main/java/com/alibaba/fastjson/serializer/SerializeWriter.java;NONE
/home/paper219/Desktop/analysis/demonstration/projects/Fastjson/revisions/rev_162ae20_22e12be/rev_162ae20-22e12be/src/main/java/com/alibaba/fastjson/serializer/SerializeWriter.java;NONE
/home/paper219/Desktop/analysis/demonstration/projects/Fastjson/revisions/rev_162ae20_22e12be/rev_162ae20-22e12be/src/main/java/com/alibaba/fastjson/serializer/SerializeWriter.java;NONE
/home/paper219/Desktop/analysis/demonstration/projects/Fastjson/revisions/rev_162ae20_22e12be/rev_162ae20-22e12be/src/main/java/com/alibaba/fastjson/serializer/SerializeWriter.java;NONE
/home/paper219/Desktop/analysis/demonstration/projects/Fastjson/revisions/rev_162ae20_22e12be/rev_162ae20-22e12be/src/main/java/com/alibaba/fastjson/serializer/SerializeWriter.java;NONE
/home/paper219/Desktop/analysis/demonstration/projects/Fastjson/revisions/rev_162ae20_22e12be/rev_162ae20-22e12be/src/main/java/com/alibaba/fastjson/serializer/SerializeWriter.java;NONE
/home/paper219/Desktop/analysis/demonstration/projects/Fastjson/revisions/rev_162ae20_22e12be/rev_162ae20-22e12be/src/main/java/com/alibaba/fastjson/serializer/SerializeWriter.java;NONE
/home/paper219/Desktop/analysis/demonstration/projects/Fastjson/revisions/rev_162ae20_22e12be/rev_162ae20-22e12be/src/main/java/com/alibaba/fastjson/serializer/MapSerializer.java;NONE
/home/paper219/Desktop/analysis/demonstration/projects/Fastjson/revisions/rev_162ae20_22e12be/rev_162ae20-22e12be/src/test/java/com/alibaba/json/test/benchmark/BenchmarkTest.java;NONE
/home/paper219/Desktop/analysis/demonstration/projects/Fastjson/revisions/rev_162ae20_22e12be/rev_162ae20-22e12be/src/test/java/com/alibaba/json/test/benchmark/BenchmarkTest.java;NONE
/home/paper219/Desktop/analysis/demonstration/projects/Fastjson/revisions/rev_162ae20_22e12be/rev_162ae20-22e12be/src/test/java/com/alibaba/json/test/benchmark/BenchmarkTest.java;NONE
/home/paper219/Desktop/analysis/demonstration/projects/Fastjson/revisions/rev_162ae20_22e12be/rev_162ae20-22e12be/src/test/java/com/alibaba/json/test/benchmark/BenchmarkTest.java;NONE
/home/paper219/Desktop/analysis/demonstration/projects/Fastjson/revisions/rev_162ae20_22e12be/rev_162ae20-22e12be/src/test/java/com/alibaba/json/test/benchmark/BenchmarkTest.java;NONE
/home/paper219/Desktop/analysis/demonstration/projects/Fastjson/revisions/rev_162ae20_22e12be/rev_162ae20-22e12be/src/test/java/com/alibaba/json/bvt/serializer/StringSerializerTest.java;NONE
/home/paper219/Desktop/analysis/demonstration/projects/Fastjson/revisions/rev_162ae20_22e12be/rev_162ae20-22e12be/src/main/java/com/alibaba/fastjson/serializer/SerializeWriter.java;MINE
/home/paper219/Desktop/analysis/demonstration/projects/Fastjson/revisions/rev_162ae20_22e12be/rev_162ae20-22e12be/src/main/java/com/alibaba/fastjson/serializer/SerializeWriter.java;YOURS
/home/paper219/Desktop/analysis/demonstration/projects/Fastjson/revisions/rev_162ae20_22e12be/rev_162ae20-22e12be/src/test/java/com/alibaba/json/test/codec/FastjsonCodec.java;MINE
/home/paper219/Desktop/analysis/demonstration/projects/Fastjson/revisions/rev_cc0428f_dee22f7/rev_cc0428f-dee22f7/src/test/java/com/alibaba/json/bvt/writeClassName/WriteClassNameTest_Set2.java;NONE
/home/paper219/Desktop/analysis/demonstration/projects/Fastjson/revisions/rev_cc0428f_dee22f7/rev_cc0428f-dee22f7/src/main/java/com/alibaba/fastjson/parser/DefaultJSONParser.java;MINE
/home/paper219/Desktop/analysis/demonstration/projects/Fastjson/revisions/rev_3c528ef_eb32b05/rev_3c528ef-eb32b05/src/main/java/com/alibaba/fastjson/parser/DefaultJSONParser.java;NONE
/home/paper219/Desktop/analysis/demonstration/projects/Fastjson/revisions/rev_3c528ef_eb32b05/rev_3c528ef-eb32b05/src/test/java/com/alibaba/json/bvt/writeClassName/WriteClassNameTest_Set2.java;NONE
/home/paper219/Desktop/analysis/demonstration/projects/Fastjson/revisions/rev_3c528ef_eb32b05/rev_3c528ef-eb32b05/src/main/java/com/alibaba/fastjson/parser/DefaultJSONParser.java;MINE
/home/paper219/Desktop/analysis/demonstration/projects/Fastjson/revisions/rev_3c528ef_eb32b05/rev_3c528ef-eb32b05/src/main/java/com/alibaba/fastjson/parser/DefaultJSONParser.java;NONE
/home/paper219/Desktop/analysis/demonstration/projects/Fastjson/revisions/rev_3c528ef_eb32b05/rev_3c528ef-eb32b05/src/test/java/com/alibaba/json/bvt/writeClassName/WriteClassNameTest_Set2.java;NONE
/home/paper219/Desktop/analysis/demonstration/projects/Fastjson/revisions/rev_3c528ef_eb32b05/rev_3c528ef-eb32b05/src/main/java/com/alibaba/fastjson/parser/DefaultJSONParser.java;MINE
/home/paper219/Desktop/analysis/demonstration/projects/Fastjson/revisions/rev_c9ee9c5_b9da86b/rev_c9ee9c5-b9da86b/src/main/java/com/alibaba/fastjson/parser/DefaultJSONParser.java;NONE
/home/paper219/Desktop/analysis/demonstration/projects/Fastjson/revisions/rev_b9da86b_c9ee9c5/rev_b9da86b-c9ee9c5/src/main/java/com/alibaba/fastjson/parser/DefaultJSONParser.java;NONE
/home/paper219/Desktop/analysis/demonstration/projects/Fastjson/revisions/rev_24d779e_3a5c953/rev_24d779e-3a5c953/src/main/java/com/alibaba/fastjson/parser/deserializer/DefaultObjectDeserializer.java;MINE
/home/paper219/Desktop/analysis/demonstration/projects/Fastjson/revisions/rev_05b31f7_708e701/rev_05b31f7-708e701/src/main/java/com/alibaba/fastjson/parser/DefaultJSONParser.java;NONE
/home/paper219/Desktop/analysis/demonstration/projects/Fastjson/revisions/rev_05b31f7_708e701/rev_05b31f7-708e701/src/main/java/com/alibaba/fastjson/parser/DefaultJSONParser.java;NONE
/home/paper219/Desktop/analysis/demonstration/projects/Fastjson/revisions/rev_05b31f7_708e701/rev_05b31f7-708e701/src/main/java/com/alibaba/fastjson/parser/DefaultJSONParser.java;NONE
/home/paper219/Desktop/analysis/demonstration/projects/Fastjson/revisions/rev_05b31f7_708e701/rev_05b31f7-708e701/src/main/java/com/alibaba/fastjson/parser/deserializer/DefaultObjectDeserializer.java;NONE
/home/paper219/Desktop/analysis/demonstration/projects/Fastjson/revisions/rev_05b31f7_708e701/rev_05b31f7-708e701/src/main/java/com/alibaba/fastjson/parser/deserializer/DefaultObjectDeserializer.java;NONE
/home/paper219/Desktop/analysis/demonstration/projects/Fastjson/revisions/rev_05b31f7_708e701/rev_05b31f7-708e701/src/main/java/com/alibaba/fastjson/parser/deserializer/DefaultObjectDeserializer.java;NONE
/home/paper219/Desktop/analysis/demonstration/projects/Fastjson/revisions/rev_05b31f7_708e701/rev_05b31f7-708e701/src/main/java/com/alibaba/fastjson/parser/deserializer/JavaBeanDeserializer.java;NONE
/home/paper219/Desktop/analysis/demonstration/projects/Fastjson/revisions/rev_05b31f7_708e701/rev_05b31f7-708e701/src/main/java/com/alibaba/fastjson/parser/deserializer/JavaBeanDeserializer.java;NONE
/home/paper219/Desktop/analysis/demonstration/projects/Fastjson/revisions/rev_05b31f7_708e701/rev_05b31f7-708e701/src/main/java/com/alibaba/fastjson/parser/deserializer/JavaBeanDeserializer.java;NONE
/home/paper219/Desktop/analysis/demonstration/projects/Fastjson/revisions/rev_05b31f7_708e701/rev_05b31f7-708e701/src/main/java/com/alibaba/fastjson/serializer/ListSerializer.java;NONE
/home/paper219/Desktop/analysis/demonstration/projects/Fastjson/revisions/rev_708e701_05b31f7/rev_708e701-05b31f7/src/main/java/com/alibaba/fastjson/parser/DefaultJSONParser.java;NONE
/home/paper219/Desktop/analysis/demonstration/projects/Fastjson/revisions/rev_708e701_05b31f7/rev_708e701-05b31f7/src/main/java/com/alibaba/fastjson/parser/DefaultJSONParser.java;NONE
/home/paper219/Desktop/analysis/demonstration/projects/Fastjson/revisions/rev_708e701_05b31f7/rev_708e701-05b31f7/src/main/java/com/alibaba/fastjson/parser/DefaultJSONParser.java;NONE
/home/paper219/Desktop/analysis/demonstration/projects/Fastjson/revisions/rev_708e701_05b31f7/rev_708e701-05b31f7/src/main/java/com/alibaba/fastjson/parser/deserializer/DefaultObjectDeserializer.java;NONE
/home/paper219/Desktop/analysis/demonstration/projects/Fastjson/revisions/rev_708e701_05b31f7/rev_708e701-05b31f7/src/main/java/com/alibaba/fastjson/parser/deserializer/DefaultObjectDeserializer.java;NONE
/home/paper219/Desktop/analysis/demonstration/projects/Fastjson/revisions/rev_708e701_05b31f7/rev_708e701-05b31f7/src/main/java/com/alibaba/fastjson/parser/deserializer/DefaultObjectDeserializer.java;NONE
/home/paper219/Desktop/analysis/demonstration/projects/Fastjson/revisions/rev_708e701_05b31f7/rev_708e701-05b31f7/src/main/java/com/alibaba/fastjson/parser/deserializer/JavaBeanDeserializer.java;NONE
/home/paper219/Desktop/analysis/demonstration/projects/Fastjson/revisions/rev_708e701_05b31f7/rev_708e701-05b31f7/src/main/java/com/alibaba/fastjson/parser/deserializer/JavaBeanDeserializer.java;NONE
/home/paper219/Desktop/analysis/demonstration/projects/Fastjson/revisions/rev_708e701_05b31f7/rev_708e701-05b31f7/src/main/java/com/alibaba/fastjson/parser/deserializer/JavaBeanDeserializer.java;NONE
/home/paper219/Desktop/analysis/demonstration/projects/Fastjson/revisions/rev_708e701_05b31f7/rev_708e701-05b31f7/src/main/java/com/alibaba/fastjson/serializer/ListSerializer.java;NONE
/home/paper219/Desktop/analysis/demonstration/projects/Fastjson/revisions/rev_5df25cb_ebe948a/rev_5df25cb-ebe948a/src/main/java/com/alibaba/fastjson/parser/DefaultJSONParser.java;NONE
/home/paper219/Desktop/analysis/demonstration/projects/Fastjson/revisions/rev_5df25cb_ebe948a/rev_5df25cb-ebe948a/src/main/java/com/alibaba/fastjson/parser/deserializer/ListResolveFieldDeserializer.java;NONE
/home/paper219/Desktop/analysis/demonstration/projects/Fastjson/revisions/rev_5df25cb_ebe948a/rev_5df25cb-ebe948a/src/main/java/com/alibaba/fastjson/parser/deserializer/ListResolveFieldDeserializer.java;NONE
/home/paper219/Desktop/analysis/demonstration/projects/Fastjson/revisions/rev_5df25cb_ebe948a/rev_5df25cb-ebe948a/src/main/java/com/alibaba/fastjson/JSON.java;NONE
/home/paper219/Desktop/analysis/demonstration/projects/Fastjson/revisions/rev_5df25cb_ebe948a/rev_5df25cb-ebe948a/src/main/java/com/alibaba/fastjson/JSON.java;NONE
/home/paper219/Desktop/analysis/demonstration/projects/Fastjson/revisions/rev_5df25cb_ebe948a/rev_5df25cb-ebe948a/src/main/java/com/alibaba/fastjson/parser/DefaultJSONParser.java;MINE
/home/paper219/Desktop/analysis/demonstration/projects/Fastjson/revisions/rev_5df25cb_ebe948a/rev_5df25cb-ebe948a/src/main/java/com/alibaba/fastjson/parser/DefaultJSONParser.java;YOURS
/home/paper219/Desktop/analysis/demonstration/projects/Fastjson/revisions/rev_5df25cb_ebe948a/rev_5df25cb-ebe948a/src/main/java/com/alibaba/fastjson/parser/DefaultJSONParser.java;MINE
/home/paper219/Desktop/analysis/demonstration/projects/Fastjson/revisions/rev_5df25cb_ebe948a/rev_5df25cb-ebe948a/src/main/java/com/alibaba/fastjson/parser/deserializer/ListResolveFieldDeserializer.java;MINE
/home/paper219/Desktop/analysis/demonstration/projects/Fastjson/revisions/rev_5df25cb_ebe948a/rev_5df25cb-ebe948a/src/main/java/com/alibaba/fastjson/JSON.java;MINE
/home/paper219/Desktop/analysis/demonstration/projects/Fastjson/revisions/rev_5df25cb_ebe948a/rev_5df25cb-ebe948a/src/test/java/com/alibaba/json/bvt/ArrayRefTest.java;MINE
/home/paper219/Desktop/analysis/demonstration/projects/Fastjson/revisions/rev_62c589a_2c88690/rev_62c589a-2c88690/src/main/java/com/alibaba/fastjson/parser/deserializer/TimestampDeserializer.java;NONE
/home/paper219/Desktop/analysis/demonstration/projects/Fastjson/revisions/rev_62c589a_2c88690/rev_62c589a-2c88690/src/main/java/com/alibaba/fastjson/parser/deserializer/SqlDateDeserializer.java;NONE
/home/paper219/Desktop/analysis/demonstration/projects/Fastjson/revisions/rev_62c589a_2c88690/rev_62c589a-2c88690/src/main/java/com/alibaba/fastjson/parser/deserializer/DateDeserializer.java;NONE
/home/paper219/Desktop/analysis/demonstration/projects/Fastjson/revisions/rev_12d54d2_7f38646/rev_12d54d2-7f38646/src/main/java/com/alibaba/fastjson/parser/DefaultJSONParser.java;MINE
/home/paper219/Desktop/analysis/demonstration/projects/Hystrix/revisions/rev_f0023bb_e4033fb/rev_f0023bb-e4033fb/hystrix-core/src/main/java/com/netflix/hystrix/HystrixCommandMetrics.java;NONE
/home/paper219/Desktop/analysis/demonstration/projects/Hystrix/revisions/rev_f0023bb_e4033fb/rev_f0023bb-e4033fb/hystrix-core/src/main/java/com/netflix/hystrix/strategy/concurrency/HystrixConcurrencyStrategy.java;NONE
/home/paper219/Desktop/analysis/demonstration/projects/Fastjson/revisions/rev_ad6d97a_055aab7/rev_ad6d97a-055aab7/src/main/java/com/alibaba/fastjson/serializer/ASMSerializerFactory.java;NONE
/home/paper219/Desktop/analysis/demonstration/projects/Fastjson/revisions/rev_ad6d97a_055aab7/rev_ad6d97a-055aab7/src/main/java/com/alibaba/fastjson/serializer/ASMSerializerFactory.java;NONE
/home/paper219/Desktop/analysis/demonstration/projects/Fastjson/revisions/rev_ad6d97a_055aab7/rev_ad6d97a-055aab7/src/main/java/com/alibaba/fastjson/serializer/ASMSerializerFactory.java;NONE
/home/paper219/Desktop/analysis/demonstration/projects/Fastjson/revisions/rev_ad6d97a_055aab7/rev_ad6d97a-055aab7/src/main/java/com/alibaba/fastjson/serializer/SerializeConfig.java;NONE
/home/paper219/Desktop/analysis/demonstration/projects/Fastjson/revisions/rev_ad6d97a_055aab7/rev_ad6d97a-055aab7/src/main/java/com/alibaba/fastjson/annotation/JSONType.java;MINE
/home/paper219/Desktop/analysis/demonstration/projects/Fastjson/revisions/rev_2e86b72_08eba4b/rev_2e86b72-08eba4b/src/main/java/com/alibaba/fastjson/serializer/ASMSerializerFactory.java;NONE
/home/paper219/Desktop/analysis/demonstration/projects/Fastjson/revisions/rev_2e86b72_08eba4b/rev_2e86b72-08eba4b/src/main/java/com/alibaba/fastjson/serializer/ASMSerializerFactory.java;NONE
/home/paper219/Desktop/analysis/demonstration/projects/Fastjson/revisions/rev_2e86b72_08eba4b/rev_2e86b72-08eba4b/src/main/java/com/alibaba/fastjson/serializer/ASMSerializerFactory.java;NONE
/home/paper219/Desktop/analysis/demonstration/projects/Fastjson/revisions/rev_2e86b72_08eba4b/rev_2e86b72-08eba4b/src/main/java/com/alibaba/fastjson/serializer/ASMSerializerFactory.java;NONE
/home/paper219/Desktop/analysis/demonstration/projects/Fastjson/revisions/rev_2e86b72_08eba4b/rev_2e86b72-08eba4b/src/main/java/com/alibaba/fastjson/serializer/ASMSerializerFactory.java;NONE
/home/paper219/Desktop/analysis/demonstration/projects/Fastjson/revisions/rev_2e86b72_08eba4b/rev_2e86b72-08eba4b/src/main/java/com/alibaba/fastjson/serializer/ASMSerializerFactory.java;NONE
/home/paper219/Desktop/analysis/demonstration/projects/Fastjson/revisions/rev_2e86b72_08eba4b/rev_2e86b72-08eba4b/src/main/java/com/alibaba/fastjson/serializer/ASMSerializerFactory.java;NONE
/home/paper219/Desktop/analysis/demonstration/projects/Fastjson/revisions/rev_55afa54_bd49960/rev_55afa54-bd49960/src/main/java/com/alibaba/fastjson/serializer/ASMSerializerFactory.java;NONE
/home/paper219/Desktop/analysis/demonstration/projects/Fastjson/revisions/rev_55afa54_bd49960/rev_55afa54-bd49960/src/main/java/com/alibaba/fastjson/serializer/ASMSerializerFactory.java;NONE
/home/paper219/Desktop/analysis/demonstration/projects/Fastjson/revisions/rev_55afa54_bd49960/rev_55afa54-bd49960/src/main/java/com/alibaba/fastjson/serializer/SerializeWriter.java;NONE
/home/paper219/Desktop/analysis/demonstration/projects/Fastjson/revisions/rev_55afa54_bd49960/rev_55afa54-bd49960/src/main/java/com/alibaba/fastjson/serializer/SerializeWriter.java;NONE
/home/paper219/Desktop/analysis/demonstration/projects/Fastjson/revisions/rev_55afa54_bd49960/rev_55afa54-bd49960/src/main/java/com/alibaba/fastjson/serializer/SerializeWriter.java;NONE
/home/paper219/Desktop/analysis/demonstration/projects/Fastjson/revisions/rev_55afa54_bd49960/rev_55afa54-bd49960/src/test/java/com/alibaba/json/test/benchmark/BenchmarkTest.java;NONE
/home/paper219/Desktop/analysis/demonstration/projects/Fastjson/revisions/rev_55afa54_bd49960/rev_55afa54-bd49960/src/main/java/com/alibaba/fastjson/serializer/ASMSerializerFactory.java;YOURS
/home/paper219/Desktop/analysis/demonstration/projects/Fastjson/revisions/rev_55afa54_bd49960/rev_55afa54-bd49960/src/main/java/com/alibaba/fastjson/serializer/SerializeWriter.java;MINE
/home/paper219/Desktop/analysis/demonstration/projects/Fastjson/revisions/rev_55afa54_bd49960/rev_55afa54-bd49960/src/main/java/com/alibaba/fastjson/serializer/SerializeWriter.java;YOURS
/home/paper219/Desktop/analysis/demonstration/projects/Fastjson/revisions/rev_55afa54_bd49960/rev_55afa54-bd49960/src/main/java/com/alibaba/fastjson/serializer/SerializeWriter.java;NONE
/home/paper219/Desktop/analysis/demonstration/projects/Fastjson/revisions/rev_55afa54_bd49960/rev_55afa54-bd49960/src/main/java/com/alibaba/fastjson/serializer/SerializeWriter.java;MINE
/home/paper219/Desktop/analysis/demonstration/projects/Fastjson/revisions/rev_ec0a424_5a2f7c9/rev_ec0a424-5a2f7c9/src/main/java/com/alibaba/fastjson/serializer/ASMSerializerFactory.java;NONE
/home/paper219/Desktop/analysis/demonstration/projects/Fastjson/revisions/rev_ec0a424_5a2f7c9/rev_ec0a424-5a2f7c9/src/main/java/com/alibaba/fastjson/serializer/JavaBeanSerializer.java;NONE
/home/paper219/Desktop/analysis/demonstration/projects/Fastjson/revisions/rev_ec0a424_5a2f7c9/rev_ec0a424-5a2f7c9/src/main/java/com/alibaba/fastjson/serializer/JavaBeanSerializer.java;NONE
/home/paper219/Desktop/analysis/demonstration/projects/Fastjson/revisions/rev_ec0a424_5a2f7c9/rev_ec0a424-5a2f7c9/src/test/java/com/alibaba/json/bvt/serializer/SerializeWriterTest_4.java;NONE
/home/paper219/Desktop/analysis/demonstration/projects/Fastjson/revisions/rev_ec0a424_5a2f7c9/rev_ec0a424-5a2f7c9/src/main/java/com/alibaba/fastjson/serializer/ASMSerializerFactory.java;YOURS
/home/paper219/Desktop/analysis/demonstration/projects/Fastjson/revisions/rev_ec0a424_5a2f7c9/rev_ec0a424-5a2f7c9/src/main/java/com/alibaba/fastjson/serializer/ASMSerializerFactory.java;YOURS
/home/paper219/Desktop/analysis/demonstration/projects/Fastjson/revisions/rev_ec0a424_5a2f7c9/rev_ec0a424-5a2f7c9/src/main/java/com/alibaba/fastjson/serializer/ASMSerializerFactory.java;NONE
/home/paper219/Desktop/analysis/demonstration/projects/Fastjson/revisions/rev_ec0a424_5a2f7c9/rev_ec0a424-5a2f7c9/src/main/java/com/alibaba/fastjson/serializer/JavaBeanSerializer.java;NONE
/home/paper219/Desktop/analysis/demonstration/projects/Fastjson/revisions/rev_ec0a424_5a2f7c9/rev_ec0a424-5a2f7c9/src/main/java/com/alibaba/fastjson/serializer/JavaBeanSerializer.java;NONE
/home/paper219/Desktop/analysis/demonstration/projects/Fastjson/revisions/rev_ec0a424_5a2f7c9/rev_ec0a424-5a2f7c9/src/test/java/com/alibaba/json/bvt/serializer/SerializeWriterTest_4.java;NONE
/home/paper219/Desktop/analysis/demonstration/projects/Fastjson/revisions/rev_ec0a424_5a2f7c9/rev_ec0a424-5a2f7c9/src/main/java/com/alibaba/fastjson/serializer/ASMSerializerFactory.java;YOURS
/home/paper219/Desktop/analysis/demonstration/projects/Fastjson/revisions/rev_ec0a424_5a2f7c9/rev_ec0a424-5a2f7c9/src/main/java/com/alibaba/fastjson/serializer/ASMSerializerFactory.java;YOURS
/home/paper219/Desktop/analysis/demonstration/projects/Fastjson/revisions/rev_3d572a0_90ae5a9/rev_3d572a0-90ae5a9/src/main/java/com/alibaba/fastjson/util/TypeUtils.java;MINE
/home/paper219/Desktop/analysis/demonstration/projects/Fastjson/revisions/rev_69f677f_8af0afb/rev_69f677f-8af0afb/src/main/java/com/alibaba/fastjson/parser/JSONScanner.java;NONE
/home/paper219/Desktop/analysis/demonstration/projects/Fastjson/revisions/rev_69f677f_8af0afb/rev_69f677f-8af0afb/src/main/java/com/alibaba/fastjson/parser/JSONScanner.java;NONE
/home/paper219/Desktop/analysis/demonstration/projects/Fastjson/revisions/rev_69f677f_8af0afb/rev_69f677f-8af0afb/src/main/java/com/alibaba/fastjson/parser/SymbolTable.java;NONE
/home/paper219/Desktop/analysis/demonstration/projects/Fastjson/revisions/rev_69f677f_8af0afb/rev_69f677f-8af0afb/src/main/java/com/alibaba/fastjson/parser/SymbolTable.java;NONE
/home/paper219/Desktop/analysis/demonstration/projects/Fastjson/revisions/rev_69f677f_8af0afb/rev_69f677f-8af0afb/src/main/java/com/alibaba/fastjson/parser/SymbolTable.java;NONE
/home/paper219/Desktop/analysis/demonstration/projects/Fastjson/revisions/rev_69f677f_8af0afb/rev_69f677f-8af0afb/src/main/java/com/alibaba/fastjson/util/TypeUtils.java;NONE
/home/paper219/Desktop/analysis/demonstration/projects/Fastjson/revisions/rev_69f677f_8af0afb/rev_69f677f-8af0afb/src/main/java/com/alibaba/fastjson/util/TypeUtils.java;NONE
/home/paper219/Desktop/analysis/demonstration/projects/Fastjson/revisions/rev_69f677f_8af0afb/rev_69f677f-8af0afb/src/main/java/com/alibaba/fastjson/util/TypeUtils.java;NONE
/home/paper219/Desktop/analysis/demonstration/projects/Fastjson/revisions/rev_69f677f_8af0afb/rev_69f677f-8af0afb/src/main/java/com/alibaba/fastjson/util/TypeUtils.java;NONE
/home/paper219/Desktop/analysis/demonstration/projects/Fastjson/revisions/rev_69f677f_8af0afb/rev_69f677f-8af0afb/src/main/java/com/alibaba/fastjson/parser/deserializer/FieldDeserializer.java;MINE
/home/paper219/Desktop/analysis/demonstration/projects/Fastjson/revisions/rev_69f677f_8af0afb/rev_69f677f-8af0afb/src/main/java/com/alibaba/fastjson/parser/deserializer/JavaBeanDeserializer.java;MINE
/home/paper219/Desktop/analysis/demonstration/projects/Fastjson/revisions/rev_69f677f_8af0afb/rev_69f677f-8af0afb/src/main/java/com/alibaba/fastjson/JSON.java;NONE
/home/paper219/Desktop/analysis/demonstration/projects/Fastjson/revisions/rev_a3e83d9_441164d/rev_a3e83d9-441164d/src/main/java/com/alibaba/fastjson/parser/JSONScanner.java;NONE
/home/paper219/Desktop/analysis/demonstration/projects/Fastjson/revisions/rev_a3e83d9_441164d/rev_a3e83d9-441164d/src/main/java/com/alibaba/fastjson/parser/JSONReaderScanner.java;NONE
/home/paper219/Desktop/analysis/demonstration/projects/Fastjson/revisions/rev_3c07047_40cd238/rev_3c07047-40cd238/src/main/java/com/alibaba/fastjson/support/jaxrs/FastJsonProvider.java;NONE
/home/paper219/Desktop/analysis/demonstration/projects/Fastjson/revisions/rev_3c07047_40cd238/rev_3c07047-40cd238/src/main/java/com/alibaba/fastjson/support/jaxrs/FastJsonProvider.java;NONE
/home/paper219/Desktop/analysis/demonstration/projects/Hystrix/revisions/rev_678c0d3_fc99fce/rev_678c0d3-fc99fce/hystrix-core/src/main/java/com/netflix/hystrix/collapser/RequestCollapser.java;NONE
/home/paper219/Desktop/analysis/demonstration/projects/Hystrix/revisions/rev_678c0d3_fc99fce/rev_678c0d3-fc99fce/hystrix-core/src/main/java/com/netflix/hystrix/collapser/RequestCollapser.java;NONE
/home/paper219/Desktop/analysis/demonstration/projects/Hystrix/revisions/rev_678c0d3_fc99fce/rev_678c0d3-fc99fce/hystrix-core/src/main/java/com/netflix/hystrix/strategy/concurrency/HystrixContextRunnable.java;NONE
/home/paper219/Desktop/analysis/demonstration/projects/Hystrix/revisions/rev_678c0d3_fc99fce/rev_678c0d3-fc99fce/hystrix-core/src/main/java/com/netflix/hystrix/strategy/concurrency/HystrixContextRunnable.java;NONE
/home/paper219/Desktop/analysis/demonstration/projects/Hystrix/revisions/rev_678c0d3_fc99fce/rev_678c0d3-fc99fce/hystrix-core/src/main/java/com/netflix/hystrix/strategy/concurrency/HystrixContextCallable.java;NONE
/home/paper219/Desktop/analysis/demonstration/projects/Hystrix/revisions/rev_678c0d3_fc99fce/rev_678c0d3-fc99fce/hystrix-core/src/main/java/com/netflix/hystrix/HystrixCommand.java;NONE
/home/paper219/Desktop/analysis/demonstration/projects/Hystrix/revisions/rev_678c0d3_fc99fce/rev_678c0d3-fc99fce/hystrix-core/src/main/java/com/netflix/hystrix/HystrixCommand.java;NONE
/home/paper219/Desktop/analysis/demonstration/projects/Fastjson/revisions/rev_969d52e_9f78225/rev_969d52e-9f78225/src/main/java/com/alibaba/fastjson/serializer/ASMSerializerFactory.java;NONE
/home/paper219/Desktop/analysis/demonstration/projects/Fastjson/revisions/rev_969d52e_9f78225/rev_969d52e-9f78225/src/main/java/com/alibaba/fastjson/serializer/ASMSerializerFactory.java;NONE
/home/paper219/Desktop/analysis/demonstration/projects/Fastjson/revisions/rev_969d52e_9f78225/rev_969d52e-9f78225/src/main/java/com/alibaba/fastjson/serializer/ASMSerializerFactory.java;NONE
/home/paper219/Desktop/analysis/demonstration/projects/Fastjson/revisions/rev_969d52e_9f78225/rev_969d52e-9f78225/src/main/java/com/alibaba/fastjson/serializer/ASMSerializerFactory.java;NONE
/home/paper219/Desktop/analysis/demonstration/projects/Fastjson/revisions/rev_969d52e_9f78225/rev_969d52e-9f78225/src/main/java/com/alibaba/fastjson/serializer/ASMSerializerFactory.java;NONE
/home/paper219/Desktop/analysis/demonstration/projects/Fastjson/revisions/rev_969d52e_9f78225/rev_969d52e-9f78225/src/main/java/com/alibaba/fastjson/serializer/ASMSerializerFactory.java;NONE
/home/paper219/Desktop/analysis/demonstration/projects/Fastjson/revisions/rev_969d52e_9f78225/rev_969d52e-9f78225/src/main/java/com/alibaba/fastjson/serializer/JSONSerializer.java;NONE
/home/paper219/Desktop/analysis/demonstration/projects/Fastjson/revisions/rev_969d52e_9f78225/rev_969d52e-9f78225/src/test/java/com/alibaba/json/test/codec/FastjsonManualCodec.java;NONE
/home/paper219/Desktop/analysis/demonstration/projects/Fastjson/revisions/rev_969d52e_9f78225/rev_969d52e-9f78225/src/main/java/com/alibaba/fastjson/serializer/ASMSerializerFactory.java;MINE
/home/paper219/Desktop/analysis/demonstration/projects/Fastjson/revisions/rev_969d52e_9f78225/rev_969d52e-9f78225/src/main/java/com/alibaba/fastjson/serializer/ASMSerializerFactory.java;MINE
/home/paper219/Desktop/analysis/demonstration/projects/Fastjson/revisions/rev_969d52e_9f78225/rev_969d52e-9f78225/src/main/java/com/alibaba/fastjson/serializer/ASMSerializerFactory.java;YOURS
/home/paper219/Desktop/analysis/demonstration/projects/Fastjson/revisions/rev_969d52e_9f78225/rev_969d52e-9f78225/src/main/java/com/alibaba/fastjson/serializer/ASMSerializerFactory.java;YOURS
/home/paper219/Desktop/analysis/demonstration/projects/Fastjson/revisions/rev_c76d44b_a12ff69/rev_c76d44b-a12ff69/src/main/java/com/alibaba/fastjson/parser/deserializer/JavaBeanDeserializer.java;NONE
/home/paper219/Desktop/analysis/demonstration/projects/Fastjson/revisions/rev_c76d44b_a12ff69/rev_c76d44b-a12ff69/src/main/java/com/alibaba/fastjson/parser/deserializer/JavaBeanDeserializer.java;NONE
/home/paper219/Desktop/analysis/demonstration/projects/Fastjson/revisions/rev_9b6d748_e82a56a/rev_9b6d748-e82a56a/src/main/java/com/alibaba/fastjson/serializer/ASMSerializerFactory.java;NONE
/home/paper219/Desktop/analysis/demonstration/projects/Fastjson/revisions/rev_9b6d748_e82a56a/rev_9b6d748-e82a56a/src/main/java/com/alibaba/fastjson/parser/deserializer/ThrowableDeserializer.java;YOURS
/home/paper219/Desktop/analysis/demonstration/projects/Fastjson/revisions/rev_9b6d748_e82a56a/rev_9b6d748-e82a56a/src/main/java/com/alibaba/fastjson/parser/deserializer/ThrowableDeserializer.java;MINE
/home/paper219/Desktop/analysis/demonstration/projects/Hystrix/revisions/rev_3b873c9_2f0524b/rev_3b873c9-2f0524b/hystrix-core/src/main/java/com/netflix/hystrix/util/HystrixTimer.java;NONE
/home/paper219/Desktop/analysis/demonstration/projects/Hystrix/revisions/rev_3b873c9_2f0524b/rev_3b873c9-2f0524b/hystrix-core/src/main/java/com/netflix/hystrix/strategy/concurrency/HystrixConcurrencyStrategy.java;NONE
/home/paper219/Desktop/analysis/demonstration/projects/Fastjson/revisions/rev_d93b71f_1c81635/rev_d93b71f-1c81635/src/main/java/com/alibaba/fastjson/support/spring/FastJsonHttpMessageConverter.java;NONE
/home/paper219/Desktop/analysis/demonstration/projects/Fastjson/revisions/rev_d93b71f_1c81635/rev_d93b71f-1c81635/src/main/java/com/alibaba/fastjson/support/spring/FastJsonHttpMessageConverter.java;NONE
/home/paper219/Desktop/analysis/demonstration/projects/Fastjson/revisions/rev_d93b71f_1c81635/rev_d93b71f-1c81635/src/test/java/com/alibaba/json/bvt/support/spring/FastJsonJsonViewTest.java;NONE
/home/paper219/Desktop/analysis/demonstration/projects/Fastjson/revisions/rev_d93b71f_1c81635/rev_d93b71f-1c81635/src/test/java/com/alibaba/json/bvt/support/spring/FastJsonJsonViewTest.java;YOURS
/home/paper219/Desktop/analysis/demonstration/projects/Fastjson/revisions/rev_9d0290a_29ed34b/rev_9d0290a-29ed34b/src/main/java/com/alibaba/fastjson/util/TypeUtils.java;NONE
/home/paper219/Desktop/analysis/demonstration/projects/Hystrix/revisions/rev_61ddeae_18fab29/rev_61ddeae-18fab29/hystrix-core/src/test/java/com/netflix/hystrix/HystrixCommandTest.java;NONE
/home/paper219/Desktop/analysis/demonstration/projects/Hystrix/revisions/rev_61ddeae_18fab29/rev_61ddeae-18fab29/hystrix-core/src/test/java/com/netflix/hystrix/HystrixCommandTest.java;NONE
/home/paper219/Desktop/analysis/demonstration/projects/Hystrix/revisions/rev_61ddeae_18fab29/rev_61ddeae-18fab29/hystrix-core/src/test/java/com/netflix/hystrix/HystrixCommandTest.java;NONE
/home/paper219/Desktop/analysis/demonstration/projects/Hystrix/revisions/rev_61ddeae_18fab29/rev_61ddeae-18fab29/hystrix-core/src/test/java/com/netflix/hystrix/HystrixCommandTest.java;NONE
/home/paper219/Desktop/analysis/demonstration/projects/Hystrix/revisions/rev_da1198c_5b9bdae/rev_da1198c-5b9bdae/hystrix-core/src/test/java/com/netflix/hystrix/HystrixCommandTest.java;YOURS
/home/paper219/Desktop/analysis/demonstration/projects/Hystrix/revisions/rev_da1198c_5b9bdae/rev_da1198c-5b9bdae/hystrix-core/src/test/java/com/netflix/hystrix/HystrixCommandTest.java;YOURS
/home/paper219/Desktop/analysis/demonstration/projects/Storm/revisions/rev_f597bb1_c1b8943/rev_f597bb1-c1b8943/src/jvm/backtype/storm/tuple/Tuple.java;NONE
/home/paper219/Desktop/analysis/demonstration/projects/Storm/revisions/rev_4026463_f2b212e/rev_4026463-f2b212e/src/jvm/backtype/storm/serialization/SerializationFactory.java;MINE
/home/paper219/Desktop/analysis/demonstration/projects/Storm/revisions/rev_446037a_3e29f13/rev_446037a-3e29f13/src/jvm/backtype/storm/spout/SchemeAsMultiScheme.java;NONE
/home/paper219/Desktop/analysis/demonstration/projects/Storm/revisions/rev_6398179_7970fee/rev_6398179-7970fee/src/jvm/storm/trident/state/map/TransactionalMap.java;NONE
/home/paper219/Desktop/analysis/demonstration/projects/Storm/revisions/rev_6398179_7970fee/rev_6398179-7970fee/src/jvm/storm/trident/state/map/TransactionalMap.java;NONE
/home/paper219/Desktop/analysis/demonstration/projects/Storm/revisions/rev_6398179_7970fee/rev_6398179-7970fee/src/jvm/storm/trident/state/map/TransactionalMap.java;NONE
/home/paper219/Desktop/analysis/demonstration/projects/Storm/revisions/rev_6398179_7970fee/rev_6398179-7970fee/src/jvm/storm/trident/state/map/TransactionalMap.java;NONE
/home/paper219/Desktop/analysis/demonstration/projects/Storm/revisions/rev_6398179_7970fee/rev_6398179-7970fee/src/jvm/storm/trident/state/map/TransactionalMap.java;NONE
/home/paper219/Desktop/analysis/demonstration/projects/Storm/revisions/rev_6398179_7970fee/rev_6398179-7970fee/src/jvm/storm/trident/state/map/TransactionalMap.java;NONE
/home/paper219/Desktop/analysis/demonstration/projects/Storm/revisions/rev_6398179_7970fee/rev_6398179-7970fee/src/jvm/storm/trident/state/map/TransactionalMap.java;NONE
/home/paper219/Desktop/analysis/demonstration/projects/Storm/revisions/rev_6398179_7970fee/rev_6398179-7970fee/src/jvm/storm/trident/state/map/CachedBatchReadsMap.java;NONE
/home/paper219/Desktop/analysis/demonstration/projects/Storm/revisions/rev_6398179_7970fee/rev_6398179-7970fee/src/jvm/storm/trident/state/map/CachedBatchReadsMap.java;NONE
/home/paper219/Desktop/analysis/demonstration/projects/Storm/revisions/rev_6398179_7970fee/rev_6398179-7970fee/src/jvm/storm/trident/state/map/OpaqueMap.java;NONE
/home/paper219/Desktop/analysis/demonstration/projects/Storm/revisions/rev_6398179_7970fee/rev_6398179-7970fee/src/jvm/storm/trident/state/map/OpaqueMap.java;NONE
/home/paper219/Desktop/analysis/demonstration/projects/Storm/revisions/rev_6398179_7970fee/rev_6398179-7970fee/src/jvm/storm/trident/state/map/OpaqueMap.java;NONE
/home/paper219/Desktop/analysis/demonstration/projects/Storm/revisions/rev_6398179_7970fee/rev_6398179-7970fee/src/jvm/storm/trident/state/map/OpaqueMap.java;NONE
/home/paper219/Desktop/analysis/demonstration/projects/Storm/revisions/rev_6398179_7970fee/rev_6398179-7970fee/src/jvm/backtype/storm/utils/Utils.java;NONE
/home/paper219/Desktop/analysis/demonstration/projects/Storm/revisions/rev_6398179_7970fee/rev_6398179-7970fee/src/jvm/backtype/storm/security/serialization/BlowfishTupleSerializer.java;NONE
/home/paper219/Desktop/analysis/demonstration/projects/Storm/revisions/rev_6398179_7970fee/rev_6398179-7970fee/src/jvm/storm/trident/state/map/TransactionalMap.java;MINE
/home/paper219/Desktop/analysis/demonstration/projects/Storm/revisions/rev_6398179_7970fee/rev_6398179-7970fee/src/jvm/storm/trident/state/map/TransactionalMap.java;YOURS
/home/paper219/Desktop/analysis/demonstration/projects/Storm/revisions/rev_6398179_7970fee/rev_6398179-7970fee/src/jvm/storm/trident/state/map/TransactionalMap.java;MINE
/home/paper219/Desktop/analysis/demonstration/projects/Storm/revisions/rev_6398179_7970fee/rev_6398179-7970fee/src/jvm/storm/trident/state/map/CachedBatchReadsMap.java;YOURS
/home/paper219/Desktop/analysis/demonstration/projects/Storm/revisions/rev_6398179_7970fee/rev_6398179-7970fee/src/jvm/storm/trident/state/map/OpaqueMap.java;MINE
/home/paper219/Desktop/analysis/demonstration/projects/Storm/revisions/rev_6398179_7970fee/rev_6398179-7970fee/src/jvm/storm/trident/state/map/OpaqueMap.java;MINE
/home/paper219/Desktop/analysis/demonstration/projects/Vert.x-Core/revisions/rev_20e5475_00eceab/rev_20e5475-00eceab/vertx-testsuite/src/test/java/vertx/tests/core/net/TestClient.java;NONE
/home/paper219/Desktop/analysis/demonstration/projects/Vert.x-Core/revisions/rev_f1396aa_b015967/rev_f1396aa-b015967/vertx-core/src/main/java/org/vertx/java/core/file/impl/DefaultFileSystem.java;NONE
/home/paper219/Desktop/analysis/demonstration/projects/Vert.x-Core/revisions/rev_f1396aa_b015967/rev_f1396aa-b015967/vertx-testsuite/src/test/java/org/vertx/java/tests/core/filesystem/JavaFileSystemTest.java;MINE
/home/paper219/Desktop/analysis/demonstration/projects/Vert.x-Core/revisions/rev_709b147_b492e29/rev_709b147-b492e29/vertx-core/src/main/java/org/vertx/java/core/logging/impl/JULLogDelegate.java;YOURS
/home/paper219/Desktop/analysis/demonstration/projects/Vert.x-Core/revisions/rev_12bde32_11d3eee/rev_12bde32-11d3eee/vertx-core/src/main/java/io/vertx/core/Vertx.java;YOURS
/home/paper219/Desktop/analysis/demonstration/projects/Vert.x-Core/revisions/rev_cf96769_d9b83ec/rev_cf96769-d9b83ec/vertx-core/src/main/java/io/vertx/core/http/impl/ServerWebSocketImpl.java;NONE
/home/paper219/Desktop/analysis/demonstration/projects/Vert.x-Core/revisions/rev_8b210bf_22f077e/rev_8b210bf-22f077e/vertx-core/src/main/java/io/vertx/core/logging/impl/VertxLoggerFormatter.java;NONE
/home/paper219/Desktop/analysis/demonstration/projects/Vert.x-Core/revisions/rev_8b210bf_22f077e/rev_8b210bf-22f077e/vertx-core/src/main/java/io/vertx/core/logging/impl/VertxLoggerFormatter.java;YOURS
/home/paper219/Desktop/analysis/demonstration/projects/Vert.x-Core/revisions/rev_7d544f7_04e43e2/rev_7d544f7-04e43e2/src/main/java/io/vertx/core/VertxOptions.java;MINE
/home/paper219/Desktop/analysis/demonstration/projects/Vert.x-Core/revisions/rev_7d544f7_04e43e2/rev_7d544f7-04e43e2/src/main/java/io/vertx/core/VertxOptions.java;MINE
/home/paper219/Desktop/analysis/demonstration/projects/Vert.x-Core/revisions/rev_7d544f7_04e43e2/rev_7d544f7-04e43e2/src/main/java/io/vertx/core/VertxOptions.java;MINE
/home/paper219/Desktop/analysis/demonstration/projects/Vert.x-Core/revisions/rev_7d544f7_04e43e2/rev_7d544f7-04e43e2/src/main/java/io/vertx/core/VertxOptions.java;MINE
/home/paper219/Desktop/analysis/demonstration/projects/Vert.x-Core/revisions/rev_7d544f7_04e43e2/rev_7d544f7-04e43e2/src/test/java/io/vertx/test/core/VertxOptionsTest.java;MINE
/home/paper219/Desktop/analysis/demonstration/projects/Vert.x-Core/revisions/rev_7d544f7_04e43e2/rev_7d544f7-04e43e2/src/test/java/io/vertx/test/core/VertxOptionsTest.java;MINE
/home/paper219/Desktop/analysis/demonstration/projects/Vert.x-Core/revisions/rev_7d544f7_04e43e2/rev_7d544f7-04e43e2/src/test/java/io/vertx/test/core/VertxOptionsTest.java;MINE
/home/paper219/Desktop/analysis/demonstration/projects/Vert.x-Core/revisions/rev_7d544f7_04e43e2/rev_7d544f7-04e43e2/src/test/java/io/vertx/test/core/VertxOptionsTest.java;MINE
/home/paper219/Desktop/analysis/demonstration/projects/Vert.x-Core/revisions/rev_7d544f7_04e43e2/rev_7d544f7-04e43e2/src/test/java/io/vertx/test/core/VertxOptionsTest.java;MINE
/home/paper219/Desktop/analysis/demonstration/projects/Vert.x-Core/revisions/rev_7d544f7_04e43e2/rev_7d544f7-04e43e2/src/test/java/io/vertx/test/core/VertxOptionsTest.java;MINE
/home/paper219/Desktop/analysis/demonstration/projects/Vert.x-Core/revisions/rev_7d544f7_04e43e2/rev_7d544f7-04e43e2/src/test/java/io/vertx/test/core/VertxOptionsTest.java;MINE
/home/paper219/Desktop/analysis/demonstration/projects/Vert.x-Core/revisions/rev_3d6677c_7ef9592/rev_3d6677c-7ef9592/src/main/java/io/vertx/core/spi/launcher/DefaultCommand.java;NONE
/home/paper219/Desktop/analysis/demonstration/projects/Vert.x-Core/revisions/rev_3d6677c_7ef9592/rev_3d6677c-7ef9592/src/main/java/io/vertx/core/spi/launcher/DefaultCommand.java;NONE
/home/paper219/Desktop/analysis/demonstration/projects/Vert.x-Core/revisions/rev_3d6677c_7ef9592/rev_3d6677c-7ef9592/src/main/java/io/vertx/core/spi/launcher/DefaultCommand.java;NONE
/home/paper219/Desktop/analysis/demonstration/projects/Javaee7-samples/revisions/rev_b77bf39_ed4cb65/rev_b77bf39-ed4cb65/cdi/decorators/src/main/java/org/javaee7/cdi/decorators/MyDecorator.java;NONE
/home/paper219/Desktop/analysis/demonstration/projects/Javaee7-samples/revisions/rev_76589b5_a4b91fd/rev_76589b5-a4b91fd/jms/jms-xa/src/main/java/org/javaee7/jms/xa/JMSMailman.java;NONE
