revision;file;leftImport;rightImport;conflictUnmerge
/home/paper219/Desktop/analysis/demonstration//projects/Hystrix/revisions/rev_678c0d3_fc99fce/rev_678c0d3-fc99fce.revisions;/home/paper219/Desktop/analysis/demonstration/projects/Hystrix/revisions/rev_678c0d3_fc99fce/rev_678c0d3-fc99fce/hystrix-core/src/main/java/com/netflix/hystrix/HystrixCommand.java;importrx.concurrency.Schedulers;;importrx.schedulers.Schedulers;;
import rx.Subscription;
import rx.concurrency.Schedulers;
import rx.operators.SafeObservableSubscription;
import rx.subjects.ReplaySubject;
import rx.subscriptions.Subscriptions;
import rx.util.functions.Action0;
import rx.util.functions.Action1;
import rx.util.functions.Func1;
import rx.util.functions.Func2;

import com.netflix.config.ConfigurationManager;
import com.netflix.hystrix.HystrixCircuitBreaker.NoOpCircuitBreaker;
import com.netflix.hystrix.HystrixCircuitBreaker.TestCircuitBreaker;
=======
import rx.Subscriber;
import rx.schedulers.Schedulers;



